﻿,patient,predictability
0,adolescent#001_simulation_8weeks,0.8740952678
1,adolescent#002_simulation_8weeks,0.8554530005
2,adolescent#003_simulation_8weeks,0.8559379153
3,adolescent#004_simulation_8weeks,0.8615075461
4,adolescent#005_simulation_8weeks,0.8630689836
5,adolescent#006_simulation_8weeks,0.8560057071
6,adolescent#007_simulation_8weeks,0.8772988028
7,adolescent#008_simulation_8weeks,0.8640928204
8,adolescent#009_simulation_8weeks,0.8747090766
9,adolescent#010_simulation_8weeks,0.8694515761
10,adult#001_simulation_8weeks,0.8774358097
11,adult#002_simulation_8weeks,0.8735668969
12,adult#003_simulation_8weeks,0.8432094691
13,adult#004_simulation_8weeks,0.8592149164
14,adult#005_simulation_8weeks,0.8692270312
15,adult#006_simulation_8weeks,0.8534435714
16,adult#007_simulation_8weeks,0.8757074755
17,adult#008_simulation_8weeks,0.8708472227
18,adult#009_simulation_8weeks,0.8690226831
19,adult#010_simulation_8weeks,0.8789823813
20,child#001_simulation_8weeks,0.8404816655
21,child#002_simulation_8weeks,0.850766619
22,child#003_simulation_8weeks,0.868117019
23,child#004_simulation_8weeks,0.8243500729
24,child#005_simulation_8weeks,0.832962209
25,child#006_simulation_8weeks,0.8794155035
26,child#007_simulation_8weeks,0.8695541154
27,child#008_simulation_8weeks,0.8778654859
28,child#009_simulation_8weeks,0.8755577207
29,child#010_simulation_8weeks,0.8600374342
